[
  {
    "id": "vnd-001",
    "name": "Vendor 1",
    "email": "vendor1@example.com",
    "review_date": "2026-01-15",
    "services": [
      "ICT Project management",
      "ICT Development"
    ]
  },
  {
    "id": "vnd-002",
    "name": "Vendor 2",
    "email": "vendor2@example.com",
    "review_date": "2026-02-10",
    "services": [
      "ICT help desk and first level support",
      "ICT security management service"
    ]
  },
  {
    "id": "vnd-003",
    "name": "Vendor 3",
    "email": "vendor3@example.com",
    "review_date": "2026-03-05",
    "services": [
      "Provision of data",
      "Data analysis"
    ]
  }
]