{
  "answers": {
    "1.01": "Yes",
    "1.02": "Yes",
    "1.03": "Every 12 months",
    "1.04": "Yes",
    "1.05": "Yes - Every 6 months",
    "1.06": "Yes",
    "1.07": "Yes - Every 6 months",
    "2.01": "Yes - Every 24 months",
    "2.02": "with procedure",
    "2.03": "but without updated procedure",
    "2.04": "but without updated procedure",
    "2.05": "Yes",
    "2.06": "Yes",
    "2.07": "Yes",
    "2.08": "Yes - formally defined",
    "2.09": "Yes - every 12 months",
    "2.10": "Audit",
    "2.11": "No re-assessment -",
    "2.12": "Yes - within timeframe",
    "2.13": "Yes - every 12 months",
    "2.14": "Yes - On an ad hoc basis",
    "3.01": "No",
    "3.02": "Yes",
    "4.01": "Yes",
    "4.02": "Yes",
    "4.03": "Yes - least privilege RBAC",
    "4.04": "Every 24 months",
    "4.05": "Every 6 month",
    "4.06": "Every 6 month",
    "4.07": "Yes - Infrastructure",
    "4.08": "No - Direct Access",
    "4.09": "2FA is used for both locally and externally hosted IT systems and networks",
    "4.10": "2FA is used for both privileged and business users",
    "4.11": "A combination of upper case",
    "4.12": "Yes - For Privileged accounts",
    "4.13": "Yes - Logged",
    "4.14": "Yes - Infrastructure",
    "4.15": "Yes - For 1-6 months",
    "5.01": "Digital security badge",
    "5.02": "Fire Detection and suppression",
    "5.03": "Every month",
    "5.04": "strong cabinet",
    "6.01": "Routers",
    "6.02": "Re certification of filtering rules with a frequency <= 6 months",
    "6.03": "Yes - Dedicated SG database",
    "6.04": "Yes",
    "6.05": "Dedicated administration network",
    "6.06": "Yes - Encryption in transit",
    "6.07": "HTTPS",
    "6.08": "Yes",
    "6.09": "Yes - Unique client encryption keys",
    "6.10": "Yes",
    "6.11": "Yes",
    "6.12": "Messaging",
    "6.13": "USB ports blocked for reading",
    "6.14": "Online translation service (ex: Google translate)",
    "7.01": "Yes - Vulnerability scanning",
    "7.02": "Every month",
    "7.03": "Every month",
    "7.04": "Every month",
    "7.05": "Every 12 months",
    "7.06": "Yes",
    "7.07": "Yes - CVSS",
    "7.08": "Within 3 months",
    "7.09": "Yes",
    "7.10": "Yes",
    "7.11": "Yes",
    "8.01": "Yes - fully formalised",
    "8.02": "Yes - Fully formalised",
    "8.03": "Within 12 hours",
    "8.04": "Yes - In house capabilities",
    "8.05": "Yes",
    "8.06": "Yes - SG data is stored in logs",
    "8.07": "Yes - logs access controls",
    "8.08": "1-2",
    "8.09": "1",
    "8.10": "No",
    "8.11": "Yes - SOC function is in place",
    "8.12": "Yes - Fully rehearsed",
    "8.13": "Yes - Fully rehearsed",
    "8.14": "Yes",
    "9.01": "Yes - fully formalised",
    "9.02": "Yes",
    "9.03": "before being integrated in the code base",
    "9.04": "Yes - Fully formalised",
    "9.05": "Yes - Not formalised",
    "9.06": "Yes",
    "9.07": "Yes",
    "9.08": "Yes",
    "9.09": "Component identifiers...",
    "10.01": "Yes",
    "10.02": "IaaS",
    "10.03": "Yes",
    "10.04": "Yes",
    "10.05": "Yes",
    "10.06": "Preventive control",
    "10.07": "Encryption",
    "10.08": "Yes",
    "10.09": "On CSP data vault",
    "10.10": "same policy as on premise",
    "10.11": "Yes",
    "10.12": "Yes",
    "10.13": "No SOC",
    "10.14": "Yes",
    "11.01": "NIST.IA",
    "11.02": "Yes",
    "11.03": "Open IA",
    "11.04": "Yes"
  },
  "evidence": {},
  "evidence_names": {
    "Cyber security management and oversight::Information Security Policy and Organisation": [
      "Information Security Policy",
      "Information Security Policy"
    ],
    "Risk management::Risk Assessment": [
      "Risk management policy & framework",
      "Risk management policy & framework"
    ]
  },
  "scores": {
    "domain_pct": {
      "Cyber security management and oversight": 85.7,
      "Risk management": 64.3,
      "Awareness, skills & capacity": 50.0,
      "Access management": 53.3,
      "Physical security": 0.0,
      "Data protection": 50.0,
      "Vulnerabilities Management": 54.5,
      "Incident management": 71.4,
      "SDLC & Change and Release Management": 77.8,
      "Cloud": 57.1,
      "AI": 50.0
    },
    "overall_pct": 59.3,
    "maturity": "Medium",
    "maturity_color": "amber",
    "text_color": "#fff"
  },
  "submitted_at": "2025-11-11T02:05:28.624135Z"
}