{
  "Cyber security management and oversight": {
    "Information Security Policy and Organisation": [
      "Information Security Policy",
      "Evidence showing that the policy has been accepted by employees",
      "Legal and regulatory environment",
      "ISO Certificates and SOA (Statement of Applicability)",
      "SOC2 type II report"
    ]
  },
  "Risk management": {
    "Risk Assessment": [
      "Risk management policy & framework",
      "Evidence of a Risk Registers/header/tool used",
      "Evidence that your internal audit group or equivalent reviews the Information Security program on periodic basis to ensure that it meets the business risk appetite"
    ],
    "Asset management": [
      "Asset Management Policy",
      "Obsolescence Policy",
      "Data classification policy",
      "Policy stating that production data cannot be used in Dev/UAT"
    ],
    "Supply chain / Sub-contracting": [
      "TPRM Policy & Assessment schedule based on risk",
      "Supply chain policy/strategy",
      "Third Party Security Questionnaire sent to your critical vendors",
      "Evidence of a TPRM Vendor registers & Risk Register (screen capture of headers)",
      "Redacted example of Vendor Assessment",
      "Security Contractual clauses with 4th parties",
      "List of 4th party with access to SG data",
      "RACI with CSP & Health check of Cloud platform (if in scope)",
      "Evidence of CSP Security Review (if in scope)"
    ]
  },
  "Awareness, skills & capacity": {
    "Background checks and NDA": [
      "Security teams org chart",
      "ISMS program & Evidence that the CISO presents to the board",
      "Name of your CSO (or equivalent role)",
      "Background check standard & requirement",
      "NDA"
    ],
    "Education and Training": [
      "Security training syllabus",
      "Evidence that there is an exam and that the training is tracked",
      "Acceptable use policy"
    ]
  },
  "Access management": {
    "Access management": [
      "Access control policy and procedures",
      "Evidence showing RBAC for an application processing SG data (if an application is in scope of the services provided)",
      "Procedure for revoking system access due to termination including immediate termination",
      "Standard & procedure for disabling access due to inactivity",
      "Access review procedure for all users type of & evidence",
      "Evidence of technical control detecting unauthorised access"
    ],
    "Remote access & Strong authentication": [
      "Policy and procedure for remote access",
      "Evidence of jump box or PAM being used for elevated privilege",
      "Evidence of 2FA for remote access & external facing systems (i.e. O365, Salesforce,...)",
      "Evidence of a strong authentication for both business and privileged users accessing information systems that contain Societe Generale's data",
      "Password Policy"
    ],
    "Log collection": [
      "Server and end-point configuration standard for logging & retention period (in line with question 4.12 to 4.15)",
      "Evidence of a SIEM and control preventing log tampering"
    ]
  },
  "Physical security": {},
  "Data Protection": {
    "Network security/Network Segregation / DLP": [
      "Network Policy",
      "Network devise hardening standard",
      "Network Diagram showing indication of proper segregation by zone & external termination with firewall",
      "IDS/IPS documentation and evidence that its signature are up to date",
      "Evidence of jump-box between production and corporate network",
      "WIFI policy/standards & MFA requirement",
      "Evidence of DLP implementation",
      "Recertification procedure",
      "Network architecture diagram",
      "Proof of annual configuration review of the WAF and anti-DDOS protection in the past year",
      "Proof of enabling logging for IT systems which contain or process SocGen data"
    ],
    "Encryption": [
      "Encryption policy, procedures and standard",
      "Evidence of encryption in transit",
      "Evidence of encryption at rest",
      "List of approved and deprecated encryption protocols"
    ],
    "Data Destruction": [
      "Data Destruction Policy and Procedure for customer data"
    ]
  },
  "Vulnerabilities Management": {
    "Vulnerabilities scans & Pen-Test": [
      "Vulnerability Management Policy and procedure showing schedule and including remediation timeframe.",
      "Redacted Vulnerability Assessment report",
      "Pen-Test report",
      "Policy and procedures for end user or end-point security configuration standards"
    ],
    "Vulnerabilities remediation": [
      "Patch management policy and procedure",
      "Server security standard (Hardening standard)"
    ],
    "Malware": [
      "Policy stating that servers and end-points are equipped with AV that is centrally managed & console evidence",
      "Policy stating that End-points are equipped with HD encryption that is centrally managed & evidence",
      "Policy stating End-points are equipped with DLP protection that is centrally managed & console evidence",
      "DLP Policy, procedure & evidence of implementation",
      "Web blocking category",
      "Policy and procedure for end user devise log on activity logging",
      "BYOD Policy if production environment/SG Data can be access from BYOD & MDM management Evidence"
    ]
  },
  "Incident Management": {
    "Policy/Analysis and Investigation": [
      "Incident Management Policies, plans and procedures",
      "Customer incident notification procedure",
      "SOC Policy",
      "SIEM Collection evidence (what is collected)",
      "For an example, high-level description of an action plan following an incident",
      "Proof of successful back-up operations and the most recent backup has at least all data 30 days ago",
      "Proof of successful backup recovery test",
      "Proof of data encryption measures are still in place for all applicable systems"
    ]
  },
  "Change and Release Management": {},
  "Cloud": {},
  "AI": {}
}